{
  "camera_index": 0,
  "intrinsics": {
    "fx": 437.1287841796875,
    "fy": 437.6101989746094,
    "cx": 270.53814697265625,
    "cy": 483.4438171386719
  },
  "resolution": {
    "width": 540,
    "height": 960
  },
  "c2w_matrix": [
    [
      0.9988828301429749,
      0.009039459750056267,
      -0.0463840626180172,
      -0.11539026349782944
    ],
    [
      -0.04717905819416046,
      0.13452571630477905,
      -0.9897863864898682,
      -0.7241296172142029
    ],
    [
      -0.0027072848752141,
      0.990868866443634,
      0.13480189442634583,
      -0.019206879660487175
    ]
  ],
  "depth_stats": {
    "min": 0.5607734322547913,
    "max": 6.969941139221191,
    "mean": 1.893871784210205
  }
}