{
  "camera_resolution": {
    "width": 540,
    "height": 960
  },
  "bounding_box_camera": {
    "x1": 257.4503779007217,
    "y1": 489.4663722078565,
    "x2": 325.009313033799,
    "y2": 653.634970221721,
    "center_x": 291.22984546726036,
    "center_y": 571.5506712147887,
    "width": 67.55893513307734,
    "height": 164.16859801386443
  },
  "original_detection": {
    "vase": {
      "class": "vase",
      "class_id": 75,
      "confidence": 0.7989488840103149
    },
    "bounding_box": {
      "x1": 900.122802734375,
      "y1": 1158.40380859375,
      "x2": 1136.328857421875,
      "y2": 1546.9361572265625,
      "width": 236.2060546875,
      "height": 388.5323486328125,
      "center_x": 1018.225830078125,
      "center_y": 1352.669921875
    },
    "image_info": {
      "width": 1888,
      "height": 2272
    }
  }
}