{
  "vase": {
    "class": "vase",
    "class_id": 75,
    "confidence": 0.7989488840103149
  },
  "bounding_box": {
    "x1": 900.122802734375,
    "y1": 1158.40380859375,
    "x2": 1136.328857421875,
    "y2": 1546.9361572265625,
    "width": 236.2060546875,
    "height": 388.5323486328125,
    "center_x": 1018.225830078125,
    "center_y": 1352.669921875
  },
  "image_info": {
    "width": 1888,
    "height": 2272
  }
}