session,clip_dir,dino_sim
/home/cse_g2/RealEstateGen/DG-3DPlace/placement_4/session_20260427_224918,,,
/home/cse_g2/RealEstateGen/DG-3DPlace/placement_4/session_20260427_224918,0.7653521656990051,0.8265812397003174
/home/cse_g2/RealEstateGen/DG-3DPlace/placement_4/session_20260427_224918,0.6959018993377686,0.8266397714614868
/home/cse_g2/RealEstateGen/DG-3DPlace/placement_4/session_20260427_214420,0.7044461464881897,0.7022587835788727
/home/cse_g2/RealEstateGen/DG-3DPlace/placement_4/session_20260427_215829,0.6325247883796692,0.86939558386802673
/home/cse_g2/RealEstateGen/DG-3DPlace/placement_4/session_20260427_224709,0.7156762480735779,0.67697014808654785
/home/cse_g2/RealEstateGen/DG-3DPlace/placement_4/session_20260427_224918,0.7545303106307983,0.777519154548645
/home/cse_g2/RealEstateGen/DG-3DPlace/placement_4/session_20260429_010039,0.7418096423149109,0.82220914363861084
